Depth (m),Litho (Euc),Calcarenite (%),Calcilutite (%),Fine Sand (%),Claystone (%),Sandstone (%),Argillaceous Siltstone (%),Calcareous Claystone (%),Silty Claystone (%),Argillaceous Sandstone (%),Dolomitic Calcarenite (%),Argillaceous Calcilutite (%)
500,Calcarenite,100,-999.25,-999.25,-999.25,-999.25,-999.25,-999.25,-999.25,-999.25,-999.25,-999.25
600,Calcarenite,60,40,-999.25,-999.25,-999.25,-999.25,-999.25,-999.25,-999.25,-999.25,-999.25
620,Calcarenite,60,40,-999.25,-999.25,-999.25,-999.25,-999.25,-999.25,-999.25,-999.25,-999.25
640,Calcarenite,80,20,-999.25,-999.25,-999.25,-999.25,-999.25,-999.25,-999.25,-999.25,-999.25
660,Calcarenite,80,20,-999.25,-999.25,-999.25,-999.25,-999.25,-999.25,-999.25,-999.25,-999.25
680,Calcarenite,90,10,-999.25,-999.25,-999.25,-999.25,-999.25,-999.25,-999.25,-999.25,-999.25
700,Calcarenite,90,10,-999.25,-999.25,-999.25,-999.25,-999.25,-999.25,-999.25,-999.25,-999.25
710,Calcarenite,90,7,3,-999.25,-999.25,-999.25,-999.25,-999.25,-999.25,-999.25,-999.25
720,Calcarenite,90,5,5,-999.25,-999.25,-999.25,-999.25,-999.25,-999.25,-999.25,-999.25
730,Fine Sand,90,5,5,-999.25,-999.25,-999.25,-999.25,-999.25,-999.25,-999.25,-999.25
740,Calcarenite,25,5,70,-999.25,-999.25,-999.25,-999.25,-999.25,-999.25,-999.25,-999.25
750,Fine Sand,40,-999.25,60,-999.25,-999.25,-999.25,-999.25,-999.25,-999.25,-999.25,-999.25
760,Calcarenite,30,-999.25,50,20,-999.25,-999.25,-999.25,-999.25,-999.25,-999.25,-999.25
780,Calcarenite,80,-999.25,20,-999.25,-999.25,-999.25,-999.25,-999.25,-999.25,-999.25,-999.25
800,Calcarenite,100,-999.25,-999.25,-999.25,-999.25,-999.25,-999.25,-999.25,-999.25,-999.25,-999.25
820,Calcarenite,100,-999.25,-999.25,-999.25,-999.25,-999.25,-999.25,-999.25,-999.25,-999.25,-999.25
840,Calcarenite,100,-999.25,-999.25,-999.25,-999.25,-999.25,-999.25,-999.25,-999.25,-999.25,-999.25
860,Calcarenite,100,-999.25,-999.25,-999.25,-999.25,-999.25,-999.25,-999.25,-999.25,-999.25,-999.25
880,Calcarenite,100,-999.25,-999.25,-999.25,-999.25,-999.25,-999.25,-999.25,-999.25,-999.25,-999.25
900,Calcarenite,100,-999.25,-999.25,-999.25,-999.25,-999.25,-999.25,-999.25,-999.25,-999.25,-999.25
910,Calcarenite,100,-999.25,-999.25,-999.25,-999.25,-999.25,-999.25,-999.25,-999.25,-999.25,-999.25
920,Calcarenite,100,-999.25,-999.25,-999.25,-999.25,-999.25,-999.25,-999.25,-999.25,-999.25,-999.25
930,Calcarenite,100,-999.25,-999.25,-999.25,-999.25,-999.25,-999.25,-999.25,-999.25,-999.25,-999.25
940,Sandstone,100,-999.25,-999.25,-999.25,-999.25,-999.25,-999.25,-999.25,-999.25,-999.25,-999.25
950,Sandstone,90,-999.25,-999.25,-999.25,10,-999.25,-999.25,-999.25,-999.25,-999.25,-999.25
960,Sandstone,85,-999.25,-999.25,-999.25,15,-999.25,-999.25,-999.25,-999.25,-999.25,-999.25
970,Sandstone,65,-999.25,-999.25,-999.25,35,-999.25,-999.25,-999.25,-999.25,-999.25,-999.25
980,Sandstone,30,-999.25,-999.25,-999.25,70,-999.25,-999.25,-999.25,-999.25,-999.25,-999.25
1000,Sandstone,30,-999.25,-999.25,-999.25,70,-999.25,-999.25,-999.25,-999.25,-999.25,-999.25
1020,Sandstone,20,-999.25,-999.25,-999.25,80,-999.25,-999.25,-999.25,-999.25,-999.25,-999.25
1040,Sandstone,5,-999.25,-999.25,-999.25,95,-999.25,-999.25,-999.25,-999.25,-999.25,-999.25
1060,Sandstone,-999.25,-999.25,-999.25,-999.25,100,-999.25,-999.25,-999.25,-999.25,-999.25,-999.25
1080,Sandstone,25,-999.25,-999.25,-999.25,75,-999.25,-999.25,-999.25,-999.25,-999.25,-999.25
1100,Calcarenite,30,-999.25,-999.25,-999.25,70,-999.25,-999.25,-999.25,-999.25,-999.25,-999.25
1120,Sandstone,45,-999.25,-999.25,-999.25,55,-999.25,-999.25,-999.25,-999.25,-999.25,-999.25
1140,Sandstone,60,-999.25,-999.25,-999.25,40,-999.25,-999.25,-999.25,-999.25,-999.25,-999.25
1160,Sandstone,60,-999.25,-999.25,-999.25,40,-999.25,-999.25,-999.25,-999.25,-999.25,-999.25
1180,Sandstone,60,-999.25,-999.25,-999.25,40,-999.25,-999.25,-999.25,-999.25,-999.25,-999.25
1200,Sandstone,60,-999.25,-999.25,-999.25,40,-999.25,-999.25,-999.25,-999.25,-999.25,-999.25
1220,Sandstone,20,-999.25,-999.25,-999.25,80,-999.25,-999.25,-999.25,-999.25,-999.25,-999.25
1240,Sandstone,10,-999.25,-999.25,-999.25,90,-999.25,-999.25,-999.25,-999.25,-999.25,-999.25
1250,Sandstone,10,-999.25,-999.25,-999.25,90,-999.25,-999.25,-999.25,-999.25,-999.25,-999.25
1260,Sandstone,10,-999.25,-999.25,-999.25,90,-999.25,-999.25,-999.25,-999.25,-999.25,-999.25
1270,Sandstone,-999.25,-999.25,-999.25,-999.25,100,-999.25,-999.25,-999.25,-999.25,-999.25,-999.25
1280,Sandstone,-999.25,-999.25,-999.25,-999.25,100,-999.25,-999.25,-999.25,-999.25,-999.25,-999.25
1290,Calcarenite,-999.25,-999.25,-999.25,-999.25,100,-999.25,-999.25,-999.25,-999.25,-999.25,-999.25
1300,Calcilutite,20,-999.25,-999.25,-999.25,80,-999.25,-999.25,-999.25,-999.25,-999.25,-999.25
1310,Calcilutite,30,30,-999.25,-999.25,40,-999.25,-999.25,-999.25,-999.25,-999.25,-999.25
1320,Calcilutite,20,50,-999.25,-999.25,30,-999.25,-999.25,-999.25,-999.25,-999.25,-999.25
1330,Calcilutite,10,70,-999.25,-999.25,20,-999.25,-999.25,-999.25,-999.25,-999.25,-999.25
1340,Calcilutite,30,60,-999.25,-999.25,10,-999.25,-999.25,-999.25,-999.25,-999.25,-999.25
1350,Calcilutite,60,30,-999.25,-999.25,10,-999.25,-999.25,-999.25,-999.25,-999.25,-999.25
1360,Calcilutite,55,40,-999.25,-999.25,5,-999.25,-999.25,-999.25,-999.25,-999.25,-999.25
1380,Calcilutite,55,40,-999.25,-999.25,5,-999.25,-999.25,-999.25,-999.25,-999.25,-999.25
1400,Calcarenite,65,30,-999.25,-999.25,5,-999.25,-999.25,-999.25,-999.25,-999.25,-999.25
1420,Calcilutite,70,30,-999.25,-999.25,-999.25,-999.25,-999.25,-999.25,-999.25,-999.25,-999.25
1440,Calcilutite,50,50,-999.25,-999.25,-999.25,-999.25,-999.25,-999.25,-999.25,-999.25,-999.25
1460,Calcilutite,5,85,-999.25,-999.25,-999.25,-999.25,-999.25,-999.25,-999.25,10,-999.25
1470,Calcilutite,5,85,-999.25,-999.25,-999.25,-999.25,-999.25,-999.25,-999.25,10,-999.25
1480,Calcilutite,-999.25,90,-999.25,-999.25,-999.25,-999.25,-999.25,-999.25,-999.25,10,-999.25
1490,Dolomitic Calcarenite,-999.25,85,-999.25,-999.25,-999.25,-999.25,-999.25,-999.25,-999.25,15,-999.25
1500,Dolomitic Calcarenite,5,85,-999.25,-999.25,-999.25,-999.25,-999.25,-999.25,-999.25,10,-999.25
1510,Dolomitic Calcarenite,5,80,-999.25,-999.25,-999.25,-999.25,-999.25,-999.25,-999.25,15,-999.25
1520,Calcilutite,20,80,-999.25,-999.25,-999.25,-999.25,-999.25,-999.25,-999.25,-999.25,-999.25
1530,Calcilutite,20,80,-999.25,-999.25,-999.25,-999.25,-999.25,-999.25,-999.25,-999.25,-999.25
1540,Calcilutite,10,90,-999.25,-999.25,-999.25,-999.25,-999.25,-999.25,-999.25,-999.25,-999.25
1550,Calcilutite,10,90,-999.25,-999.25,-999.25,-999.25,-999.25,-999.25,-999.25,-999.25,-999.25
1560,Calcilutite,10,90,-999.25,-999.25,-999.25,-999.25,-999.25,-999.25,-999.25,-999.25,-999.25
1570,Calcilutite,15,85,-999.25,-999.25,-999.25,-999.25,-999.25,-999.25,-999.25,-999.25,-999.25
1580,Calcilutite,15,85,-999.25,-999.25,-999.25,-999.25,-999.25,-999.25,-999.25,-999.25,-999.25
1590,Calcilutite,10,90,-999.25,-999.25,-999.25,-999.25,-999.25,-999.25,-999.25,-999.25,-999.25
1600,Calcarenite,9,90,-999.25,-999.25,-999.25,1,-999.25,-999.25,-999.25,-999.25,-999.25
1610,Calcilutite,9,90,-999.25,-999.25,-999.25,1,-999.25,-999.25,-999.25,-999.25,-999.25
1620,Calcarenite,9,90,-999.25,-999.25,-999.25,1,-999.25,-999.25,-999.25,-999.25,-999.25
1630,Calcilutite,9,90,-999.25,-999.25,-999.25,1,-999.25,-999.25,-999.25,-999.25,-999.25
1640,Calcilutite,9,90,-999.25,-999.25,-999.25,1,-999.25,-999.25,-999.25,-999.25,-999.25
1650,Calcilutite,30,60,-999.25,-999.25,10,-999.25,-999.25,-999.25,-999.25,-999.25,-999.25
1660,Calcarenite,30,40,-999.25,-999.25,30,-999.25,-999.25,-999.25,-999.25,-999.25,-999.25
1670,Calcilutite,40,30,-999.25,-999.25,30,-999.25,-999.25,-999.25,-999.25,-999.25,-999.25
1680,Calcarenite,30,30,-999.25,-999.25,40,-999.25,-999.25,-999.25,-999.25,-999.25,-999.25
1700,Calcilutite,40,30,-999.25,-999.25,30,-999.25,-999.25,-999.25,-999.25,-999.25,-999.25
1720,Calcilutite,30,20,-999.25,-999.25,50,-999.25,-999.25,-999.25,-999.25,-999.25,-999.25
1740,Sandstone,10,15,-999.25,-999.25,75,-999.25,-999.25,-999.25,-999.25,-999.25,-999.25
1760,Sandstone,-999.25,10,-999.25,-999.25,90,-999.25,-999.25,-999.25,-999.25,-999.25,-999.25
1780,Sandstone,-999.25,-999.25,-999.25,-999.25,100,-999.25,-999.25,-999.25,-999.25,-999.25,-999.25
1800,Sandstone,-999.25,-999.25,-999.25,-999.25,100,-999.25,-999.25,-999.25,-999.25,-999.25,-999.25
1820,Claystone,-999.25,-999.25,-999.25,10,90,-999.25,-999.25,-999.25,-999.25,-999.25,-999.25
1840,Claystone,-999.25,-999.25,-999.25,30,70,-999.25,-999.25,-999.25,-999.25,-999.25,-999.25
1860,Claystone,-999.25,-999.25,-999.25,60,40,-999.25,-999.25,-999.25,-999.25,-999.25,-999.25
1880,Sandstone,-999.25,-999.25,-999.25,60,40,-999.25,-999.25,-999.25,-999.25,-999.25,-999.25
1900,Sandstone,-999.25,-999.25,-999.25,30,40,-999.25,-999.25,-999.25,30,-999.25,-999.25
1920,Sandstone,-999.25,-999.25,-999.25,20,80,-999.25,-999.25,-999.25,-999.25,-999.25,-999.25
1940,Claystone,-999.25,-999.25,-999.25,20,30,-999.25,-999.25,-999.25,50,-999.25,-999.25
1960,Sandstone,-999.25,-999.25,-999.25,25,25,-999.25,-999.25,-999.25,50,-999.25,-999.25
1980,Claystone,-999.25,-999.25,-999.25,30,20,-999.25,-999.25,-999.25,50,-999.25,-999.25
2000,Claystone,-999.25,-999.25,-999.25,40,20,-999.25,-999.25,-999.25,40,-999.25,-999.25
2020,Claystone,-999.25,-999.25,-999.25,40,15,-999.25,-999.25,-999.25,45,-999.25,-999.25
2040,Claystone,-999.25,-999.25,-999.25,55,5,-999.25,-999.25,-999.25,40,-999.25,-999.25
2060,Claystone,-999.25,-999.25,-999.25,50,5,-999.25,-999.25,-999.25,45,-999.25,-999.25
2080,Claystone,-999.25,-999.25,-999.25,60,5,-999.25,-999.25,-999.25,35,-999.25,-999.25
2100,Sandstone,-999.25,-999.25,-999.25,40,60,-999.25,-999.25,-999.25,-999.25,-999.25,-999.25
2110,Sandstone,-999.25,-999.25,-999.25,10,90,-999.25,-999.25,-999.25,-999.25,-999.25,-999.25
2120,Sandstone,-999.25,-999.25,-999.25,20,80,-999.25,-999.25,-999.25,-999.25,-999.25,-999.25
2130,Sandstone,-999.25,-999.25,-999.25,30,70,-999.25,-999.25,-999.25,-999.25,-999.25,-999.25
2140,Sandstone,1,-999.25,-999.25,10,89,-999.25,-999.25,-999.25,-999.25,-999.25,-999.25
2150,Sandstone,-999.25,-999.25,-999.25,20,80,-999.25,-999.25,-999.25,-999.25,-999.25,-999.25
2160,Sandstone,-999.25,-999.25,-999.25,55,45,-999.25,-999.25,-999.25,-999.25,-999.25,-999.25
2170,Sandstone,-999.25,-999.25,-999.25,20,80,-999.25,-999.25,-999.25,-999.25,-999.25,-999.25
2180,Sandstone,-999.25,-999.25,-999.25,30,70,-999.25,-999.25,-999.25,-999.25,-999.25,-999.25
2190,Claystone,-999.25,-999.25,-999.25,20,80,-999.25,-999.25,-999.25,-999.25,-999.25,-999.25
2200,Claystone,-999.25,-999.25,-999.25,20,80,-999.25,-999.25,-999.25,-999.25,-999.25,-999.25
2210,Claystone,-999.25,-999.25,-999.25,85,15,-999.25,-999.25,-999.25,-999.25,-999.25,-999.25
2220,Claystone,-999.25,-999.25,-999.25,55,45,-999.25,-999.25,-999.25,-999.25,-999.25,-999.25
2230,Claystone,-999.25,-999.25,-999.25,60,40,-999.25,-999.25,-999.25,-999.25,-999.25,-999.25
2240,Claystone,-999.25,-999.25,-999.25,90,10,-999.25,-999.25,-999.25,-999.25,-999.25,-999.25
2250,Claystone,-999.25,-999.25,-999.25,80,20,-999.25,-999.25,-999.25,-999.25,-999.25,-999.25
2260,Claystone,-999.25,-999.25,-999.25,90,10,-999.25,-999.25,-999.25,-999.25,-999.25,-999.25
2270,Claystone,-999.25,-999.25,-999.25,90,10,-999.25,-999.25,-999.25,-999.25,-999.25,-999.25
2280,Claystone,-999.25,-999.25,-999.25,95,5,-999.25,-999.25,-999.25,-999.25,-999.25,-999.25
2290,Claystone,-999.25,-999.25,-999.25,95,5,-999.25,-999.25,-999.25,-999.25,-999.25,-999.25
2300,Claystone,-999.25,-999.25,-999.25,97,3,-999.25,-999.25,-999.25,-999.25,-999.25,-999.25
2310,Claystone,-999.25,-999.25,-999.25,100,-999.25,-999.25,-999.25,-999.25,-999.25,-999.25,-999.25
2320,Claystone,-999.25,-999.25,-999.25,100,-999.25,-999.25,-999.25,-999.25,-999.25,-999.25,-999.25
2330,Claystone,-999.25,-999.25,-999.25,100,-999.25,-999.25,-999.25,-999.25,-999.25,-999.25,-999.25
2340,Claystone,-999.25,-999.25,-999.25,100,-999.25,-999.25,-999.25,-999.25,-999.25,-999.25,-999.25
2350,Claystone,-999.25,-999.25,-999.25,100,-999.25,-999.25,-999.25,-999.25,-999.25,-999.25,-999.25
2360,Claystone,-999.25,-999.25,-999.25,100,-999.25,-999.25,-999.25,-999.25,-999.25,-999.25,-999.25
2370,Claystone,-999.25,-999.25,-999.25,100,-999.25,-999.25,-999.25,-999.25,-999.25,-999.25,-999.25
2380,Claystone,-999.25,-999.25,-999.25,100,-999.25,-999.25,-999.25,-999.25,-999.25,-999.25,-999.25
2400,Claystone,-999.25,-999.25,-999.25,100,-999.25,-999.25,-999.25,-999.25,-999.25,-999.25,-999.25
2415,Calcareous Claystone,-999.25,-999.25,-999.25,100,-999.25,-999.25,-999.25,-999.25,-999.25,-999.25,-999.25
2420,Calcareous Claystone,-999.25,-999.25,-999.25,-999.25,-999.25,-999.25,100,-999.25,-999.25,-999.25,-999.25
2440,Calcareous Claystone,-999.25,1,-999.25,-999.25,-999.25,-999.25,99,-999.25,-999.25,-999.25,-999.25
2460,Calcareous Claystone,-999.25,-999.25,-999.25,-999.25,-999.25,-999.25,100,-999.25,-999.25,-999.25,-999.25
2480,Calcareous Claystone,-999.25,-999.25,-999.25,-999.25,-999.25,-999.25,100,-999.25,-999.25,-999.25,-999.25
2500,Calcilutite,-999.25,-999.25,-999.25,-999.25,-999.25,-999.25,100,-999.25,-999.25,-999.25,-999.25
2520,Calcilutite,-999.25,40,-999.25,-999.25,-999.25,-999.25,60,-999.25,-999.25,-999.25,-999.25
2540,Calcilutite,-999.25,40,-999.25,-999.25,-999.25,-999.25,30,-999.25,-999.25,-999.25,-999.25
2560,Calcilutite,-999.25,30,-999.25,-999.25,-999.25,-999.25,50,-999.25,-999.25,-999.25,-999.25
2580,Calcilutite,-999.25,85,-999.25,-999.25,-999.25,-999.25,10,-999.25,-999.25,-999.25,-999.25
2590,Sandstone,-999.25,70,-999.25,-999.25,10,-999.25,-999.25,-999.25,-999.25,-999.25,20
2600,Argillaceous Calcilutite,-999.25,15,-999.25,-999.25,5,-999.25,-999.25,-999.25,-999.25,-999.25,80
2610,Argillaceous Calcilutite,-999.25,10,-999.25,-999.25,-999.25,-999.25,5,-999.25,-999.25,-999.25,85
2620,Claystone,-999.25,20,-999.25,-999.25,-999.25,-999.25,5,-999.25,-999.25,-999.25,75
2640,Claystone,-999.25,5,-999.25,90,-999.25,-999.25,-999.25,-999.25,-999.25,-999.25,5
2660,Claystone,-999.25,-999.25,-999.25,100,-999.25,-999.25,-999.25,-999.25,-999.25,-999.25,-999.25
2680,Claystone,-999.25,-999.25,-999.25,100,-999.25,-999.25,-999.25,-999.25,-999.25,-999.25,-999.25
2700,Claystone,-999.25,-999.25,-999.25,100,-999.25,-999.25,-999.25,-999.25,-999.25,-999.25,-999.25
2720,Claystone,-999.25,-999.25,-999.25,100,-999.25,-999.25,-999.25,-999.25,-999.25,-999.25,-999.25
2740,Claystone,-999.25,-999.25,-999.25,100,-999.25,-999.25,-999.25,-999.25,-999.25,-999.25,-999.25
2760,Claystone,-999.25,-999.25,-999.25,99,1,-999.25,-999.25,-999.25,-999.25,-999.25,-999.25
2780,Claystone,-999.25,-999.25,-999.25,99,1,-999.25,-999.25,-999.25,-999.25,-999.25,-999.25
2800,Claystone,-999.25,-999.25,-999.25,99,1,-999.25,-999.25,-999.25,-999.25,-999.25,-999.25
2810,Claystone,-999.25,-999.25,-999.25,99,1,-999.25,-999.25,-999.25,-999.25,-999.25,-999.25
2820,Claystone,-999.25,-999.25,-999.25,95,5,-999.25,-999.25,-999.25,-999.25,-999.25,-999.25
2830,Claystone,-999.25,-999.25,-999.25,95,5,-999.25,-999.25,-999.25,-999.25,-999.25,-999.25
2840,Claystone,-999.25,-999.25,-999.25,95,5,-999.25,-999.25,-999.25,-999.25,-999.25,-999.25
2850,Claystone,-999.25,-999.25,-999.25,95,5,-999.25,-999.25,-999.25,-999.25,-999.25,-999.25
2860,Claystone,-999.25,-999.25,-999.25,95,5,-999.25,-999.25,-999.25,-999.25,-999.25,-999.25
2870,Claystone,-999.25,-999.25,-999.25,95,5,-999.25,-999.25,-999.25,-999.25,-999.25,-999.25
2880,Claystone,-999.25,-999.25,-999.25,95,5,-999.25,-999.25,-999.25,-999.25,-999.25,-999.25
2890,Claystone,-999.25,-999.25,-999.25,95,5,-999.25,-999.25,-999.25,-999.25,-999.25,-999.25
2900,Silty Claystone,-999.25,-999.25,-999.25,95,5,-999.25,-999.25,-999.25,-999.25,-999.25,-999.25
2910,Silty Claystone,-999.25,-999.25,-999.25,-999.25,1,-999.25,-999.25,99,-999.25,-999.25,-999.25
2920,Silty Claystone,-999.25,-999.25,-999.25,-999.25,1,-999.25,-999.25,99,-999.25,-999.25,-999.25
2930,Silty Claystone,-999.25,-999.25,-999.25,-999.25,1,-999.25,-999.25,99,-999.25,-999.25,-999.25
2940,Argillaceous Siltstone,-999.25,-999.25,-999.25,-999.25,1,-999.25,-999.25,99,-999.25,-999.25,-999.25
2950,Argillaceous Siltstone,-999.25,-999.25,-999.25,-999.25,-999.25,-999.25,-999.25,70,30,-999.25,-999.25
2960,Silty Claystone,-999.25,-999.25,-999.25,-999.25,-999.25,-999.25,-999.25,70,30,-999.25,-999.25
2970,Argillaceous Siltstone,-999.25,-999.25,-999.25,-999.25,-999.25,-999.25,-999.25,70,30,-999.25,-999.25
2980,Argillaceous Siltstone,-999.25,-999.25,-999.25,-999.25,-999.25,-999.25,-999.25,70,30,-999.25,-999.25
2990,Argillaceous Siltstone,-999.25,-999.25,-999.25,-999.25,-999.25,-999.25,-999.25,60,40,-999.25,-999.25
3000,Argillaceous Sandstone,-999.25,-999.25,-999.25,-999.25,-999.25,-999.25,-999.25,60,40,-999.25,-999.25
3010,Argillaceous Sandstone,-999.25,-999.25,-999.25,-999.25,-999.25,-999.25,-999.25,10,90,-999.25,-999.25
3020,Argillaceous Sandstone,-999.25,-999.25,-999.25,-999.25,-999.25,-999.25,-999.25,10,90,-999.25,-999.25
3040,Argillaceous Sandstone,-999.25,-999.25,-999.25,-999.25,-999.25,-999.25,-999.25,10,90,-999.25,-999.25
3060,Argillaceous Sandstone,-999.25,-999.25,-999.25,-999.25,-999.25,-999.25,-999.25,4,96,-999.25,-999.25
3080,Argillaceous Sandstone,-999.25,-999.25,-999.25,-999.25,-999.25,-999.25,-999.25,10,90,-999.25,-999.25
3100,Argillaceous Sandstone,-999.25,-999.25,-999.25,-999.25,-999.25,-999.25,-999.25,10,90,-999.25,-999.25
3120,Argillaceous Sandstone,-999.25,-999.25,-999.25,-999.25,-999.25,-999.25,-999.25,15,85,-999.25,-999.25
3140,Argillaceous Sandstone,-999.25,-999.25,-999.25,-999.25,-999.25,-999.25,-999.25,10,90,-999.25,-999.25
3160,Argillaceous Sandstone,-999.25,-999.25,-999.25,-999.25,-999.25,-999.25,-999.25,5,95,-999.25,-999.25
3180,Argillaceous Sandstone,-999.25,-999.25,-999.25,-999.25,-999.25,10,-999.25,15,75,-999.25,-999.25
3200,Argillaceous Sandstone,-999.25,-999.25,-999.25,-999.25,-999.25,15,-999.25,20,65,-999.25,-999.25
3220,Argillaceous Sandstone,-999.25,-999.25,-999.25,-999.25,-999.25,5,-999.25,25,70,-999.25,-999.25
3240,Argillaceous Sandstone,-999.25,-999.25,-999.25,-999.25,-999.25,-999.25,-999.25,20,80,-999.25,-999.25
3260,Argillaceous Sandstone,-999.25,-999.25,-999.25,-999.25,-999.25,-999.25,-999.25,20,80,-999.25,-999.25
3280,Argillaceous Sandstone,-999.25,-999.25,-999.25,-999.25,-999.25,-999.25,-999.25,20,80,-999.25,-999.25
3290,Argillaceous Sandstone,-999.25,-999.25,-999.25,-999.25,-999.25,-999.25,-999.25,30,70,-999.25,-999.25
3300,Argillaceous Sandstone,-999.25,-999.25,-999.25,-999.25,-999.25,-999.25,-999.25,25,75,-999.25,-999.25
3310,Argillaceous Sandstone,-999.25,-999.25,-999.25,-999.25,-999.25,10,-999.25,-999.25,90,-999.25,-999.25
3320,Argillaceous Siltstone,-999.25,-999.25,-999.25,-999.25,-999.25,5,-999.25,-999.25,95,-999.25,-999.25
3330,Argillaceous Sandstone,-999.25,-999.25,-999.25,5,5,90,-999.25,-999.25,-999.25,-999.25,-999.25
3340,Argillaceous Sandstone,-999.25,-999.25,-999.25,-999.25,-999.25,-999.25,-999.25,-999.25,100,-999.25,-999.25
3350,Sandstone,-999.25,-999.25,-999.25,-999.25,80,-999.25,-999.25,-999.25,20,-999.25,-999.25
3360,Argillaceous Sandstone,-999.25,-999.25,-999.25,-999.25,80,-999.25,-999.25,-999.25,20,-999.25,-999.25
3370,Sandstone,-999.25,-999.25,-999.25,-999.25,80,-999.25,-999.25,-999.25,20,-999.25,-999.25
3380,Argillaceous Sandstone,-999.25,-999.25,-999.25,-999.25,80,-999.25,-999.25,-999.25,20,-999.25,-999.25
3390,Argillaceous Sandstone,-999.25,-999.25,-999.25,-999.25,-999.25,-999.25,-999.25,30,70,-999.25,-999.25
3400,Argillaceous Sandstone,-999.25,-999.25,-999.25,-999.25,-999.25,-999.25,-999.25,30,70,-999.25,-999.25
3410,Silty Claystone,-999.25,-999.25,-999.25,-999.25,-999.25,-999.25,-999.25,40,60,-999.25,-999.25
3420,Argillaceous Sandstone,-999.25,-999.25,-999.25,-999.25,-999.25,-999.25,-999.25,85,15,-999.25,-999.25
3430,Silty Claystone,-999.25,-999.25,-999.25,-999.25,-999.25,-999.25,-999.25,90,10,-999.25,-999.25
3440,Silty Claystone,-999.25,-999.25,-999.25,-999.25,-999.25,-999.25,-999.25,90,10,-999.25,-999.25
3450,Argillaceous Sandstone,-999.25,-999.25,-999.25,-999.25,5,-999.25,-999.25,80,15,-999.25,-999.25
3460,Silty Claystone,-999.25,-999.25,-999.25,-999.25,1,-999.25,-999.25,80,19,-999.25,-999.25
3470,Silty Claystone,-999.25,-999.25,-999.25,-999.25,-999.25,-999.25,-999.25,85,15,-999.25,-999.25
3480,Silty Claystone,-999.25,-999.25,-999.25,-999.25,-999.25,-999.25,-999.25,90,10,-999.25,-999.25
3490,Argillaceous Sandstone,-999.25,-999.25,-999.25,-999.25,-999.25,-999.25,-999.25,85,15,-999.25,-999.25
3500,Silty Claystone,-999.25,-999.25,-999.25,-999.25,-999.25,-999.25,-999.25,80,20,-999.25,-999.25
3510,Argillaceous Sandstone,-999.25,-999.25,-999.25,-999.25,-999.25,50,-999.25,40,10,-999.25,-999.25
3520,Silty Claystone,-999.25,-999.25,-999.25,-999.25,-999.25,40,-999.25,30,30,-999.25,-999.25
3530,Silty Claystone,-999.25,-999.25,-999.25,-999.25,-999.25,50,-999.25,40,10,-999.25,-999.25
3540,Silty Claystone,-999.25,-999.25,-999.25,-999.25,-999.25,20,-999.25,60,20,-999.25,-999.25
3550,Silty Claystone,-999.25,-999.25,-999.25,-999.25,-999.25,10,-999.25,80,10,-999.25,-999.25
3560,Silty Claystone,-999.25,-999.25,-999.25,-999.25,-999.25,20,-999.25,60,20,-999.25,-999.25
3570,Silty Claystone,-999.25,-999.25,-999.25,-999.25,-999.25,10,-999.25,80,10,-999.25,-999.25
3580,Silty Claystone,-999.25,-999.25,-999.25,-999.25,-999.25,20,-999.25,60,20,-999.25,-999.25
3590,Silty Claystone,-999.25,-999.25,-999.25,-999.25,-999.25,20,-999.25,60,20,-999.25,-999.25
3600,Silty Claystone,-999.25,-999.25,-999.25,-999.25,-999.25,10,-999.25,80,10,-999.25,-999.25
3610,Silty Claystone,-999.25,-999.25,-999.25,-999.25,-999.25,10,-999.25,80,10,-999.25,-999.25
3620,Silty Claystone,-999.25,-999.25,-999.25,-999.25,-999.25,10,-999.25,80,10,-999.25,-999.25
3630,Silty Claystone,-999.25,-999.25,-999.25,-999.25,-999.25,20,-999.25,80,-999.25,-999.25,-999.25
3640,Argillaceous Sandstone,-999.25,-999.25,-999.25,-999.25,-999.25,20,-999.25,80,-999.25,-999.25,-999.25
3650,Argillaceous Siltstone,-999.25,-999.25,-999.25,-999.25,-999.25,10,-999.25,90,-999.25,-999.25,-999.25
3660,Silty Claystone,-999.25,-999.25,-999.25,-999.25,-999.25,20,-999.25,80,-999.25,-999.25,-999.25
3670,Silty Claystone,-999.25,-999.25,-999.25,-999.25,-999.25,10,-999.25,90,-999.25,-999.25,-999.25
3680,Silty Claystone,-999.25,-999.25,-999.25,-999.25,-999.25,-999.25,-999.25,100,-999.25,-999.25,-999.25
3690,Silty Claystone,-999.25,-999.25,-999.25,-999.25,-999.25,5,-999.25,95,-999.25,-999.25,-999.25
3700,Silty Claystone,-999.25,-999.25,-999.25,-999.25,-999.25,5,-999.25,95,-999.25,-999.25,-999.25
3710,Silty Claystone,-999.25,-999.25,-999.25,-999.25,-999.25,-999.25,-999.25,100,-999.25,-999.25,-999.25
3715,Silty Claystone,1,-999.25,-999.25,-999.25,-999.25,-999.25,-999.25,99,-999.25,-999.25,-999.25
3720,Silty Claystone,-999.25,-999.25,-999.25,-999.25,-999.25,5,-999.25,95,-999.25,-999.25,-999.25
3725,Silty Claystone,-999.25,-999.25,-999.25,-999.25,-999.25,3,-999.25,97,-999.25,-999.25,-999.25
3730,Silty Claystone,-999.25,-999.25,-999.25,-999.25,-999.25,-999.25,-999.25,100,-999.25,-999.25,-999.25
3735,Silty Claystone,-999.25,-999.25,-999.25,-999.25,-999.25,2,-999.25,98,-999.25,-999.25,-999.25
3740,Silty Claystone,-999.25,-999.25,-999.25,-999.25,-999.25,-999.25,-999.25,100,-999.25,-999.25,-999.25
3745,Claystone,-999.25,-999.25,-999.25,-999.25,-999.25,1,-999.25,99,-999.25,-999.25,-999.25
3750,Claystone,-999.25,-999.25,-999.25,100,-999.25,-999.25,-999.25,-999.25,-999.25,-999.25,-999.25
3755,Claystone,-999.25,-999.25,-999.25,100,-999.25,-999.25,-999.25,-999.25,-999.25,-999.25,-999.25
3760,Claystone,-999.25,-999.25,-999.25,100,-999.25,-999.25,-999.25,-999.25,-999.25,-999.25,-999.25
3765,Claystone,-999.25,-999.25,-999.25,100,-999.25,-999.25,-999.25,-999.25,-999.25,-999.25,-999.25
3770,Claystone,-999.25,-999.25,-999.25,100,-999.25,-999.25,-999.25,-999.25,-999.25,-999.25,-999.25
3775,Claystone,-999.25,-999.25,-999.25,99,-999.25,1,-999.25,-999.25,-999.25,-999.25,-999.25
3780,Claystone,-999.25,-999.25,-999.25,100,-999.25,-999.25,-999.25,-999.25,-999.25,-999.25,-999.25
3785,Claystone,-999.25,-999.25,-999.25,95,-999.25,3,-999.25,-999.25,2,-999.25,-999.25
3790,Claystone,-999.25,-999.25,-999.25,97,-999.25,2,-999.25,-999.25,1,-999.25,-999.25
3795,Claystone,-999.25,-999.25,-999.25,100,-999.25,-999.25,-999.25,-999.25,-999.25,-999.25,-999.25
3800,Sandstone,-999.25,-999.25,-999.25,100,-999.25,-999.25,-999.25,-999.25,-999.25,-999.25,-999.25
3805,Sandstone,-999.25,-999.25,-999.25,70,30,-999.25,-999.25,-999.25,-999.25,-999.25,-999.25
3810,Sandstone,-999.25,-999.25,-999.25,20,80,-999.25,-999.25,-999.25,-999.25,-999.25,-999.25
3815,Sandstone,-999.25,-999.25,-999.25,30,70,-999.25,-999.25,-999.25,-999.25,-999.25,-999.25
3820,Sandstone,-999.25,-999.25,-999.25,30,70,-999.25,-999.25,-999.25,-999.25,-999.25,-999.25
3825,Claystone,-999.25,-999.25,-999.25,30,70,-999.25,-999.25,-999.25,-999.25,-999.25,-999.25
3830,Sandstone,-999.25,-999.25,-999.25,95,5,-999.25,-999.25,-999.25,-999.25,-999.25,-999.25
3835,Sandstone,-999.25,-999.25,-999.25,80,20,-999.25,-999.25,-999.25,-999.25,-999.25,-999.25
3840,Claystone,-999.25,-999.25,-999.25,30,70,-999.25,-999.25,-999.25,-999.25,-999.25,-999.25
3845,Sandstone,-999.25,-999.25,-999.25,40,60,-999.25,-999.25,-999.25,-999.25,-999.25,-999.25
3850,Claystone,-999.25,-999.25,-999.25,40,60,-999.25,-999.25,-999.25,-999.25,-999.25,-999.25
3855,Sandstone,-999.25,-999.25,-999.25,40,60,-999.25,-999.25,-999.25,-999.25,-999.25,-999.25
3860,Sandstone,-999.25,-999.25,-999.25,80,20,-999.25,-999.25,-999.25,-999.25,-999.25,-999.25
3865,Claystone,-999.25,-999.25,-999.25,80,20,-999.25,-999.25,-999.25,-999.25,-999.25,-999.25
3870,Claystone,-999.25,-999.25,-999.25,60,40,-999.25,-999.25,-999.25,-999.25,-999.25,-999.25
3875,Claystone,-999.25,-999.25,-999.25,95,5,-999.25,-999.25,-999.25,-999.25,-999.25,-999.25
3880,Sandstone,-999.25,-999.25,-999.25,95,5,-999.25,-999.25,-999.25,-999.25,-999.25,-999.25
3885,Argillaceous Sandstone,-999.25,-999.25,-999.25,40,60,-999.25,-999.25,-999.25,-999.25,-999.25,-999.25
3890,Sandstone,-999.25,-999.25,-999.25,0,100,-999.25,-999.25,-999.25,-999.25,-999.25,-999.25
3895,Argillaceous Sandstone,-999.25,-999.25,-999.25,-999.25,95,5,-999.25,-999.25,-999.25,-999.25,-999.25
3900,Sandstone,-999.25,-999.25,-999.25,-999.25,95,5,-999.25,-999.25,-999.25,-999.25,-999.25
3905,Sandstone,-999.25,-999.25,-999.25,-999.25,100,-999.25,-999.25,-999.25,-999.25,-999.25,-999.25
3910,Argillaceous Sandstone,-999.25,-999.25,-999.25,-999.25,100,-999.25,-999.25,-999.25,-999.25,-999.25,-999.25
3915,Sandstone,-999.25,-999.25,-999.25,-999.25,80,-999.25,-999.25,-999.25,20,-999.25,-999.25
3920,Argillaceous Sandstone,-999.25,-999.25,-999.25,-999.25,80,-999.25,-999.25,-999.25,20,-999.25,-999.25
3930,Argillaceous Sandstone,-999.25,-999.25,-999.25,-999.25,80,-999.25,-999.25,-999.25,20,-999.25,-999.25
3940,Sandstone,-999.25,-999.25,-999.25,-999.25,100,-999.25,-999.25,-999.25,-999.25,-999.25,-999.25
3950,Sandstone,-999.25,-999.25,-999.25,-999.25,100,-999.25,-999.25,-999.25,-999.25,-999.25,-999.25
3960,Sandstone,-999.25,-999.25,-999.25,-999.25,100,-999.25,-999.25,-999.25,-999.25,-999.25,-999.25
3970,Sandstone,-999.25,-999.25,-999.25,-999.25,100,-999.25,-999.25,-999.25,-999.25,-999.25,-999.25
3980,Claystone,-999.25,-999.25,-999.25,5,70,-999.25,-999.25,-999.25,25,-999.25,-999.25
3990,Claystone,-999.25,-999.25,-999.25,10,70,-999.25,-999.25,-999.25,20,-999.25,-999.25
4000,Sandstone,-999.25,-999.25,-999.25,20,60,-999.25,-999.25,-999.25,20,-999.25,-999.25
4010,Silty Claystone,-999.25,-999.25,-999.25,5,75,-999.25,-999.25,-999.25,20,-999.25,-999.25
4020,Silty Claystone,-999.25,-999.25,-999.25,30,20,-999.25,-999.25,50,-999.25,-999.25,-999.25
4025,Silty Claystone,-999.25,-999.25,-999.25,10,20,-999.25,-999.25,70,-999.25,-999.25,-999.25
4030,Claystone,-999.25,-999.25,-999.25,20,-999.25,-999.25,-999.25,80,-999.25,-999.25,-999.25
4035,Sandstone,-999.25,-999.25,-999.25,80,20,-999.25,-999.25,-999.25,-999.25,-999.25,-999.25
4040,Sandstone,-999.25,-999.25,-999.25,80,20,-999.25,-999.25,-999.25,-999.25,-999.25,-999.25
4045,Claystone,-999.25,-999.25,-999.25,80,20,-999.25,-999.25,-999.25,-999.25,-999.25,-999.25
4050,Claystone,-999.25,-999.25,-999.25,60,40,-999.25,-999.25,-999.25,-999.25,-999.25,-999.25
4055,Claystone,-999.25,-999.25,-999.25,90,10,-999.25,-999.25,-999.25,-999.25,-999.25,-999.25
4060,Sandstone,-999.25,-999.25,-999.25,100,-999.25,-999.25,-999.25,-999.25,-999.25,-999.25,-999.25
4065,Sandstone,-999.25,-999.25,-999.25,95,5,-999.25,-999.25,-999.25,-999.25,-999.25,-999.25
4070,Sandstone,-999.25,-999.25,-999.25,95,5,-999.25,-999.25,-999.25,-999.25,-999.25,-999.25
4075,Claystone,-999.25,-999.25,-999.25,90,10,-999.25,-999.25,-999.25,-999.25,-999.25,-999.25
4080,Claystone,-999.25,-999.25,-999.25,65,35,-999.25,-999.25,-999.25,-999.25,-999.25,-999.25
4085,Claystone,-999.25,-999.25,-999.25,95,5,-999.25,-999.25,-999.25,-999.25,-999.25,-999.25
4090,Claystone,-999.25,-999.25,-999.25,65,35,-999.25,-999.25,-999.25,-999.25,-999.25,-999.25
4095,Claystone,-999.25,-999.25,-999.25,75,25,-999.25,-999.25,-999.25,-999.25,-999.25,-999.25
4100,Claystone,-999.25,-999.25,-999.25,90,10,-999.25,-999.25,-999.25,-999.25,-999.25,-999.25
4105,Sandstone,-999.25,-999.25,-999.25,100,-999.25,-999.25,-999.25,-999.25,-999.25,-999.25,-999.25
4110,Sandstone,-999.25,-999.25,-999.25,90,10,-999.25,-999.25,-999.25,-999.25,-999.25,-999.25
4115,Claystone,-999.25,-999.25,-999.25,45,55,-999.25,-999.25,-999.25,-999.25,-999.25,-999.25
4120,Claystone,-999.25,-999.25,-999.25,70,30,-999.25,-999.25,-999.25,-999.25,-999.25,-999.25
4125,Sandstone,-999.25,-999.25,-999.25,90,10,-999.25,-999.25,-999.25,-999.25,-999.25,-999.25
4130,Sandstone,-999.25,-999.25,-999.25,90,10,-999.25,-999.25,-999.25,-999.25,-999.25,-999.25
4135,Claystone,-999.25,-999.25,-999.25,100,-999.25,-999.25,-999.25,-999.25,-999.25,-999.25,-999.25
4140,Claystone,-999.25,-999.25,-999.25,100,-999.25,-999.25,-999.25,-999.25,-999.25,-999.25,-999.25
4145,Claystone,-999.25,-999.25,-999.25,100,-999.25,-999.25,-999.25,-999.25,-999.25,-999.25,-999.25
4150,Claystone,-999.25,-999.25,-999.25,100,-999.25,-999.25,-999.25,-999.25,-999.25,-999.25,-999.25
4155,Claystone,-999.25,-999.25,-999.25,100,-999.25,-999.25,-999.25,-999.25,-999.25,-999.25,-999.25
4160,Claystone,-999.25,-999.25,-999.25,100,-999.25,-999.25,-999.25,-999.25,-999.25,-999.25,-999.25
4165,Claystone,-999.25,-999.25,-999.25,100,-999.25,-999.25,-999.25,-999.25,-999.25,-999.25,-999.25
4170,Claystone,-999.25,-999.25,-999.25,100,-999.25,-999.25,-999.25,-999.25,-999.25,-999.25,-999.25
4175,Sandstone,-999.25,-999.25,-999.25,100,-999.25,-999.25,-999.25,-999.25,-999.25,-999.25,-999.25
4180,Sandstone,-999.25,-999.25,-999.25,100,-999.25,-999.25,-999.25,-999.25,-999.25,-999.25,-999.25
4185,Sandstone,-999.25,-999.25,-999.25,45,55,-999.25,-999.25,-999.25,-999.25,-999.25,-999.25
4190,Claystone,-999.25,-999.25,-999.25,20,80,-999.25,-999.25,-999.25,-999.25,-999.25,-999.25
4195,Sandstone,-999.25,-999.25,-999.25,5,95,-999.25,-999.25,-999.25,-999.25,-999.25,-999.25
4200,Sandstone,-999.25,-999.25,-999.25,5,95,-999.25,-999.25,-999.25,-999.25,-999.25,-999.25
4205,Claystone,-999.25,-999.25,-999.25,70,30,-999.25,-999.25,-999.25,-999.25,-999.25,-999.25
4210,Sandstone,-999.25,-999.25,-999.25,70,30,-999.25,-999.25,-999.25,-999.25,-999.25,-999.25
4215,Sandstone,-999.25,-999.25,-999.25,80,20,-999.25,-999.25,-999.25,-999.25,-999.25,-999.25
4220,Sandstone,-999.25,-999.25,-999.25,15,85,-999.25,-999.25,-999.25,-999.25,-999.25,-999.25
4225,Sandstone,-999.25,-999.25,-999.25,15,85,-999.25,-999.25,-999.25,-999.25,-999.25,-999.25
4230,Sandstone,-999.25,-999.25,-999.25,-999.25,100,-999.25,-999.25,-999.25,-999.25,-999.25,-999.25
4235,Sandstone,-999.25,-999.25,-999.25,-999.25,100,-999.25,-999.25,-999.25,-999.25,-999.25,-999.25
4240,Claystone,-999.25,-999.25,-999.25,-999.25,100,-999.25,-999.25,-999.25,-999.25,-999.25,-999.25
4245,Claystone,-999.25,-999.25,-999.25,5,95,-999.25,-999.25,-999.25,-999.25,-999.25,-999.25
4250,Claystone,-999.25,-999.25,-999.25,90,10,-999.25,-999.25,-999.25,-999.25,-999.25,-999.25
4255,Claystone,-999.25,-999.25,-999.25,100,-999.25,-999.25,-999.25,-999.25,-999.25,-999.25,-999.25
4260,Claystone,-999.25,-999.25,-999.25,90,10,-999.25,-999.25,-999.25,-999.25,-999.25,-999.25
4265,Sandstone,-999.25,-999.25,-999.25,90,10,-999.25,-999.25,-999.25,-999.25,-999.25,-999.25
4270,Sandstone,-999.25,-999.25,-999.25,75,25,-999.25,-999.25,-999.25,-999.25,-999.25,-999.25
4275,Claystone,-999.25,-999.25,-999.25,75,25,-999.25,-999.25,-999.25,-999.25,-999.25,-999.25
4280,Sandstone,-999.25,-999.25,-999.25,90,10,-999.25,-999.25,-999.25,-999.25,-999.25,-999.25
4285,Sandstone,-999.25,-999.25,-999.25,10,90,-999.25,-999.25,-999.25,-999.25,-999.25,-999.25
4290,Claystone,-999.25,-999.25,-999.25,10,90,-999.25,-999.25,-999.25,-999.25,-999.25,-999.25
4295,Sandstone,-999.25,-999.25,-999.25,5,95,-999.25,-999.25,-999.25,-999.25,-999.25,-999.25
4300,Claystone,-999.25,-999.25,-999.25,90,10,-999.25,-999.25,-999.25,-999.25,-999.25,-999.25
4305,Sandstone,-999.25,-999.25,-999.25,90,10,-999.25,-999.25,-999.25,-999.25,-999.25,-999.25
4310,Claystone,-999.25,-999.25,-999.25,5,95,-999.25,-999.25,-999.25,-999.25,-999.25,-999.25
4315,Sandstone,-999.25,-999.25,-999.25,80,20,-999.25,-999.25,-999.25,-999.25,-999.25,-999.25
4320,Sandstone,-999.25,-999.25,-999.25,0,100,-999.25,-999.25,-999.25,-999.25,-999.25,-999.25
4325,Claystone,-999.25,-999.25,-999.25,0,100,-999.25,-999.25,-999.25,-999.25,-999.25,-999.25
4330,Claystone,-999.25,-999.25,-999.25,5,95,-999.25,-999.25,-999.25,-999.25,-999.25,-999.25
4335,Sandstone,-999.25,-999.25,-999.25,70,30,-999.25,-999.25,-999.25,-999.25,-999.25,-999.25
4340,Sandstone,-999.25,-999.25,-999.25,40,60,-999.25,-999.25,-999.25,-999.25,-999.25,-999.25
4345,Claystone,-999.25,-999.25,-999.25,10,90,-999.25,-999.25,-999.25,-999.25,-999.25,-999.25
4350,Sandstone,-999.25,-999.25,-999.25,20,80,-999.25,-999.25,-999.25,-999.25,-999.25,-999.25
4355,Claystone,-999.25,-999.25,-999.25,40,60,-999.25,-999.25,-999.25,-999.25,-999.25,-999.25
4360,Sandstone,-999.25,-999.25,-999.25,50,50,-999.25,-999.25,-999.25,-999.25,-999.25,-999.25
4365,Claystone,-999.25,-999.25,-999.25,30,70,-999.25,-999.25,-999.25,-999.25,-999.25,-999.25
4370,Sandstone,-999.25,-999.25,-999.25,10,90,-999.25,-999.25,-999.25,-999.25,-999.25,-999.25
4375,Sandstone,-999.25,-999.25,-999.25,30,70,-999.25,-999.25,-999.25,-999.25,-999.25,-999.25
4380,Sandstone,-999.25,-999.25,-999.25,25,75,-999.25,-999.25,-999.25,-999.25,-999.25,-999.25
4385,Sandstone,-999.25,-999.25,-999.25,20,80,-999.25,-999.25,-999.25,-999.25,-999.25,-999.25
4390,Sandstone,-999.25,-999.25,-999.25,20,80,-999.25,-999.25,-999.25,-999.25,-999.25,-999.25
4395,Sandstone,-999.25,-999.25,-999.25,25,75,-999.25,-999.25,-999.25,-999.25,-999.25,-999.25
4400,Claystone,-999.25,-999.25,-999.25,20,80,-999.25,-999.25,-999.25,-999.25,-999.25,-999.25
4405,Sandstone,-999.25,-999.25,-999.25,20,80,-999.25,-999.25,-999.25,-999.25,-999.25,-999.25
4410,Sandstone,-999.25,-999.25,-999.25,30,70,-999.25,-999.25,-999.25,-999.25,-999.25,-999.25
4415,Sandstone,-999.25,-999.25,-999.25,20,80,-999.25,-999.25,-999.25,-999.25,-999.25,-999.25
4420,Sandstone,-999.25,-999.25,-999.25,10,90,-999.25,-999.25,-999.25,-999.25,-999.25,-999.25
4421.5,Sandstone,-999.25,-999.25,-999.25,10,90,-999.25,-999.25,-999.25,-999.25,-999.25,-999.25
